use BakMovie

--Insert User
select * from [user]
INSERT INTO [user] VALUES('USR001','HeyItsAdam','Adam Kristof','Adamkristof@gmail.com','London','instagram followers road to 10k')
INSERT INTO [user] VALUES('USR002','Bellaciao','Nurhazizah Bella','Nurhazizahbellap@gmail.com','Depok','Fans of money heist')
INSERT INTO [user] VALUES('USR003','CitraLiao','Adelia Citra Husein','adeliach@gmail.com','Bekasi','I love to watch movie')
INSERT INTO [user] VALUES('USR004','HappyDeer','Arifin Maulana','ArifIsMe@gmail.com','Jakarta','I am go range')
INSERT INTO [user] VALUES('USR005','Morpheus','Fuadzi Gunawan','FuadziGUN@gmail.com','Jakarta','Cool is me')
INSERT INTO [user] VALUES('USR006','Diichan','Dicky Chan','Diichan10@gmail.com','Malaysia','Upin Ipin is not me')
INSERT INTO [user] VALUES('USR007','DeaDea','Dea Putri Lukman','deaputri@gmail.com','Surabaya','Saya K-Popers')
INSERT INTO [user] VALUES('USR008','Fachri','Fachri Reza Sukma','Fachrireza@gmail.com','Medan','FF bukan golongan kami')
INSERT INTO [user] VALUES('USR009','Haidar','Haidar Toppan Kurniawan','haidarrrtoppank@gmail.com','Depok','hati-hati dijalanan')
INSERT INTO [user] VALUES('USR010','Lionel','Lionel Palopo Hore','lionelph@gmail.com','Tanggerang','Bukan Messi')
INSERT INTO [user] VALUES('USR011','Thomas','Thomas Edward Santoso','thomased@gmail.com','Depok','Bukan kereta idup')
INSERT INTO [user] VALUES('USR012','PamPam','Pamungkas Yahya Execute','Pamyahcute@gmail.com','Surabaya','I love you but letting go')
INSERT INTO [user] VALUES('USR013','Nowhere','Nunu Vaksinoto','NunuVaksin@gmail.com','Bandung','Tukang nonton film')
INSERT INTO [user] VALUES('USR014','Pincent','Pincent Nugroho','Pincent@gmail.com','Bandung','Persib Persib Persib')
INSERT INTO [user] VALUES('USR015','Rafatar','Rafa Indrawan Vibrasi','rafaiv@gmail.com','Bandung','Bukan rafatar')
INSERT INTO [user] VALUES('USR016','Vincent','Vincent','Inivincent@gmail.com','Jakarta','Presenter,Comedian')
INSERT INTO [user] VALUES('USR017','Marchelino','Marchelino Hansol','MHthamrin@gmail.com','Depok','Hahahihi aja')
INSERT INTO [user] VALUES('USR018','Kerish','Kris Hemsworth Fort','krishems@gmail.com','Bekasi','Bekasi pride')
INSERT INTO [user] VALUES('USR019','Morino','Morino Savira Flow','morinsaviraf@gmail.com','Surabaya','Pengen lulus aja udah')
INSERT INTO [user] VALUES('USR020','Ghazaa','Gaza Ali Purnama','gazaali@gmail.com','Surabaya','Comedy,Comedy,Comedy')
INSERT INTO [user] VALUES('USR021','Nauraction','Naura Nuzulla Sukri','nauranuzullas@gmail.com','Tanggerang','Action is me')
INSERT INTO [user] VALUES('USR022','OwenOwen','Owen Boku Roo','owenbokur@gmail.com','Jakarta','Pengen jadi titan')
INSERT INTO [user] VALUES('USR023','Seilamad','Rizky prawira','geminggemingklub@gmail.com','Jakarta','Pengen punya start up')
INSERT INTO [user] VALUES('USR024','Hoidart','Henry Foundation','HenryFoundation@gmail.com','Jakarta','Fans of MU')
INSERT INTO [user] VALUES('USR025','Kayeen','Karina Caesaria','Kayeen@gmail.com','Tanggerang','Jimin')
INSERT INTO [user] VALUES('USR026','Covidos','Covidonino','Covido19@gmail.com','Depok','2020 is me')
INSERT INTO [user] VALUES('USR027','Vynaroo','Vyna Nurwenda','Vynnn@gmail.com','Jakarta','Bukan vyn diesel')
INSERT INTO [user] VALUES('USR028','Nanana','Najwa Growth','NajwaG@gmail.com','Bandung','Fans of money heist')
INSERT INTO [user] VALUES('USR029','Anulot','Willy Bosh','WilBos@gmail.com','Bekasi','Universe is Large')
INSERT INTO [user] VALUES('USR030','SarsCov','Sarsan Coviden','Sarcovic@gmail.com','Jakarta','Use Mask')

--Insert Director
select * from Director
INSERT INTO Director VALUES('DIR001','Steven Spielberg','StevenSpielberg@gmail.com','New York','2200 Douglas Ave #56 Yankton, South Dakota(SD), 57078',082262634332)
INSERT INTO Director VALUES('DIR002','Martin Scorsese','MartinScorsese@gmail.com','New York','908 Scott St Eudora, Arkansas(AR), 71640',081235528623)
INSERT INTO Director VALUES('DIR003',' Ridley Scott','RidleyScott@gmail.com','Houston','221 Fire House Rd Chinquapin, North Carolina(NC), 28521',081235528773)
INSERT INTO Director VALUES('DIR004','John Woo','JohnWoo@gmail.com','Los Angeles','1300 Chautauqua Canyon Blvd Cloudcroft, New Mexico(NM), 88317',089935528623)
INSERT INTO Director VALUES('DIR005','Christopher Nolan','ChristopherNolan@gmail.com','London','3428 Coosa County Rd #75 Rockford, Alabama(AL), 35136',081235987623)
INSERT INTO Director VALUES('DIR006','Tim Burton','TimBurton@gmail.com','New York','20963 State 175 Hwy Middletown, California(CA), 95461',081234444623)
INSERT INTO Director VALUES('DIR007','Hayao Miyazaki','HayaoMiyazaki@gmail.com','Chicago','305 E Williams St Dwight, Illinois(IL), 60420',085584938255)
INSERT INTO Director VALUES('DIR008','Peter Jackson','PeterJackson@gmail.com','Houston','1002 Greene St Abbeville, Louisiana(LA), 70510',087898919143)
INSERT INTO Director VALUES('DIR009','Quentin Tarantino','QuentinTarantino@gmail.com','London','103 S Wentz St Macon, Missouri(MO), 63552',08395472132)
INSERT INTO Director VALUES('DIR010','James Cameron','JamesCameron@gmail.com','Sydney','4909 Laurelgrove Ave Valley Village, California(CA), 91607',08858834336)
INSERT INTO Director VALUES('DIR011','Clint Eastwood','ClintEastwood@gmail.com','New York','10800 Brookside Dr Louisville, Kentucky(KY), 40299',082267766584)
INSERT INTO Director VALUES('DIR012','David Fincher','DavidFincher@gmail.com','Los Angeles','22609 V St Ocean Park, Washington(WA), 98640',08665462968)
INSERT INTO Director VALUES('DIR013','Francis Ford Coppola','FrancisFordCoppola@gmail.com','Los Angeles','3347 Gingerwood Rd Ontario, California(CA), 91761',08994347335)
INSERT INTO Director VALUES('DIR014','Brian De Palma','BrianDePalma@gmail.com','New York','3211 Twin Oaks Dr Napa, California(CA), 94558',08725595189)
INSERT INTO Director VALUES('DIR015','Guy Ritchie','GuyRitchie@gmail.com','Sydney','30905 SE Haley Rd Boring, Oregon(OR), 97009',083662332813)
INSERT INTO Director VALUES('DIR016','Oliver Stone','OliverStone@gmail.com','Bali','1173 Fm 1903 Greenville, Texas(TX), 75402',083527345453)
INSERT INTO Director VALUES('DIR017','Robert Rodriguez','RobertRodriguez@gmail.com','Chicago','7257 N 100th E Decatur, Indiana(IN), 46733',0872491238)
INSERT INTO Director VALUES('DIR018','Stanley Kubrick','StanleyKubrick@gmail.com','Chicago','599 S Middlebrook Rd Vergennes, Vermont(VT), 05491',082758221942)
INSERT INTO Director VALUES('DIR019','Yimou Zhang','YimouZhang@gmail.com','Los Angeles','409 Grain Way Chesapeake, Virginia(VA), 23323',087558228394)
INSERT INTO Director VALUES('DIR020','Alfred Hitchcock','AlfredHitchcock@gmail.com','Jakarta','105 Clearfield Rd New Providence, Pennsylvania(PA), 17560',087284424941)
INSERT INTO Director VALUES('DIR021','Matthew Vaughn','MatthewVaughn@gmail.com','Bandung','6017 N Rockland Dr Prescott Valley, Arizona(AZ), 86314',088754393954)
INSERT INTO Director VALUES('DIR022','Alfred Hitchcock','AlfredHitchcock@gmail.com','New York','163 N 4th St Newport, Pennsylvania(PA), 17074',087567346663)
INSERT INTO Director VALUES('DIR023','Michael Mann','MichaelMann@gmail.com','New York','20207 Linden Blvd Saint Albans, New York(NY), 11434',088712663598)
INSERT INTO Director VALUES('DIR024','Kevin Smith','KevinSmith@gmail.com','New York','640 11th St Clarkston, Washington(WA), 99403',089758196822)
INSERT INTO Director VALUES('DIR025','Richard Donner','RichardDonner@gmail.com','Surabaya','2716 Miles City Ct Southlake, Texas(TX), 76092',0879121332339)
INSERT INTO Director VALUES('DIR026','Paul Greengrass','PaulGreengrass@gmail.com','Los Angeles','1766 County Rd #36 Crossville, Alabama(AL), 35962',086659632669)
INSERT INTO Director VALUES('DIR027','Tony Scott','TonyScott@gmail.com','Houston','3121 Hurdle Mills Rd Roxboro, North Carolina(NC), 27573',086593191542)
INSERT INTO Director VALUES('DIR028','Sam Mendes','SamMendes@gmail.com','Houston','8507 Mapleville Rd Boonsboro, Maryland(MD), 21713',0813988799)
INSERT INTO Director VALUES('DIR029','Paul Thomas','PaulThomas@gmail.com','Chicago','10809 A Saint Vith Way Watertown, New York(NY), 13603',085775222246)
INSERT INTO Director VALUES('DIR030','David Lean','DavidLean@gmail.com','New York','8692 W Van Buren Rd Elwell, Michigan(MI), 48832',089411623293)

--insert publisher
select * from Publisher
INSERT INTO Publisher VALUES('PUB001','Warner Bros Global Publishing','WarnerBrosGlobalPublishing@gmail.com','New York','1998 E 1250th Rd Grand Ridge, Illinois(IL), 61325',085249776623)
INSERT INTO Publisher VALUES('PUB002','Museum of Modern Art','MuseumofModernArt@gmail.com','New York','7873 Brittain D Magna, Utah(UT), 84044',081981373474)
INSERT INTO Publisher VALUES('PUB003','Taschen Books','TaschenBooks@gmail.com','Los Angeles','25188 385th Ave Plankinton, South Dakota(SD), 57368',085942467583)
INSERT INTO Publisher VALUES('PUB004','Universal Pictures','UniversalPictures@gmail.com','New York','20171 Gilbert Dr Canyon Country, California(CA), 91351',081367444982)
INSERT INTO Publisher VALUES('PUB005','Paramount Pictures','ParamountPictures@gmail.com','Paris','20 Walnut St Islip, New York(NY), 11751',081277797548)
INSERT INTO Publisher VALUES('PUB006','Walt Disney Pictures','WaltDisneyPictures@gmail.com','Paris','400 W South Boundary St Sentinel, Oklahoma(OK), 73664',0839348997)
INSERT INTO Publisher VALUES('PUB007','Columbia Pictures','ColumbiaPictures@gmail.com','Los Angeles','618 Highland St Tallahassee, Florida(FL), 32310',0895758135)
INSERT INTO Publisher VALUES('PUB008','New Line Cinema','NewLineCinema@gmail.com','Gold Coast','1073 Lakeview Ave Windom, Minnesota(MN), 56101',0878311812)
INSERT INTO Publisher VALUES('PUB009','TriStar Pictures','TriStarPictures@gmail.com','New York','38 E Ave Woodville, Mississippi(MS), 39669',0818887655)
INSERT INTO Publisher VALUES('PUB010','20th Century Studios','20thCenturyStudios@gmail.com','Paris','843 Ternay Ave Scotch Plains, New Jersey(NJ), 07076',0882324965)
INSERT INTO Publisher VALUES('PUB011','Lionsgate Films','LionsgateFilms@gmail.com','Tazmania','6004 Bunnys Ln Kingfield, Maine(ME), 04947',0872372739)
INSERT INTO Publisher VALUES('PUB012','Amblin Partners','AmblinPartners@gmail.com','Gold Coast','341 Hamer St Clyde, Ohio(OH), 43410',0878555433)
INSERT INTO Publisher VALUES('PUB013','STXfilms','STXfilms@gmail.com','Tazmania','409 Wilcrest Dr Matthews, North Carolina(NC), 28105',0848475642)
INSERT INTO Publisher VALUES('PUB014','Metro-Goldwyn-Mayer Pictures','MGMPictures@gmail.com','Paris','4333 Chippewa St Saint Louis, Missouri(MO), 63116',0847714368)
INSERT INTO Publisher VALUES('PUB015','Gaumont Film Company','GaumontFilmCompany@gmail.com','Auckland','1992 Sylvan Lake Dr Grovetown, Georgia(GA), 30813',0863649544)
INSERT INTO Publisher VALUES('PUB016','Nordisk Film','NordiskFilm@gmail.com','Amsterdam','76 Angell St Mansfield, Massachusetts(MA), 02048',0842844391)
INSERT INTO Publisher VALUES('PUB017','Constantin Film','ConstantinFilm@gmail.com','Seoul','1401 River St Wilkesboro, North Carolina(NC), 28697',0866678981)
INSERT INTO Publisher VALUES('PUB018','Clasart Film','ClasartFilm@gmail.com','Bangkok','2764 Goodwin Rd Hooks, Texas(TX), 75561',08354726457)
INSERT INTO Publisher VALUES('PUB019','Sony Pictures Motion Picture Group','SonyPicturesMotionPictureGroup@gmail.com','Sydney','11740 W Tecumseh Bend Rd Brookston, Indiana(IN), 47923',0855642387)
INSERT INTO Publisher VALUES('PUB020','The Weinstein Company','TheWeinsteinCompany@gmail.com','Sydney','541 W Main St Easley, South Carolina(SC), 29640',0848554266)
INSERT INTO Publisher VALUES('PUB021','DreamWorks Pictures','DreamWorksPictures@gmail.com','Amsterdam','16357 Hartford Rd Sunbury, Ohio(OH), 43074',0859652965)
INSERT INTO Publisher VALUES('PUB022','American Broadcast Company','AmericanBroadcastCompany@gmail.com','Jakarta','304 Chuckwood Dr Simpsonville, South Carolina(SC), 29680',0842287792)
INSERT INTO Publisher VALUES('PUB023','CBS Studio','CBSStudio@gmail.com','Melbourne','535 Westview Cir West Lafayette, Indiana(IN), 47906',0854631351)
INSERT INTO Publisher VALUES('PUB024','ABC Signature','ABCSignature@gmail.com','Jakarta','2330 Big Daddys Rd Pikeville, North Carolina(NC), 27863',0897368128)
INSERT INTO Publisher VALUES('PUB025','Soraya Intercine Films','SorayaIntercineFilms@gmail.com','Jakarta','Komplek film banget no 1 74447',0887592193)
INSERT INTO Publisher VALUES('PUB026','Fox Studios Australia','FoxStudiosAustralia@gmail.com','Los Angeles','76 Wisner Ave Middletown, New York(NY), 10940',0853432194)
INSERT INTO Publisher VALUES('PUB027','Village Roadshow Studios','VillageRoadshowStudios@gmail.com','Melbourne','700 S Lauderdale Ave Shelby, Mississippi(MS), 38774',0818573664)
INSERT INTO Publisher VALUES('PUB028','Leda Serene Films','LedaSereneFilms@gmail.com','Seoul','165 Gilbert Ave New Haven, Connecticut(CT), 06511',0837859333)
INSERT INTO Publisher VALUES('PUB029','Malofilm','Malofilm@gmail.com','Jakarta','500 Plover Ct Bakersfield, California(CA), 93309',0813983398)
INSERT INTO Publisher VALUES('PUB030','Paperny Entertainment','PapernyEntertainment@gmail.com','New York','134 Hodges Dial Rd Epes, Alabama(AL), 35460',08565216833)

INSERT INTO Publisher VALUES('PUB031','Jakfilm','Jakfilm@gmail.com','Jakarta','Jalan seni no 1 blok A',081299181078)
INSERT INTO Publisher VALUES('PUB032','rapih Entertainment','rapihEntertainment@gmail.com','Jakarta','Jalan buntu no 100 blok N',08239216835)

--insert movie
select * from Movie  
INSERT INTO Movie VALUES('MOV001','DIR001','PUB001','A Beautiful Mind','a brilliant but asocial mathematician.','2000-09-01',30000)
INSERT INTO Movie VALUES('MOV002','DIR002','PUB002','A History Of Violence','A mild-mannered man becomes a local hero through an act of violence.','2010-08-09',45000)
INSERT INTO Movie VALUES('MOV003','DIR003','PUB003','A Time To Kill','inciting violent retribution and revenge from the Ku Klux Klan.','2006-03-12',100000)
INSERT INTO Movie VALUES('MOV004','DIR004','PUB004','American Beauty','A sexually frustrated suburban father has a mid-life crisis after becoming infatuated with his daughters best friend.','2001-02-10',65000)
INSERT INTO Movie VALUES('MOV031','DIR004','PUB004','American NANANA','A best movie ever was made in vietnam coffee ','2006-02-01',32000)
INSERT INTO Movie VALUES('MOV032','DIR004','PUB004','ChocoBanana Movie','How to make a delicious chocobanana in amazing way','2011-04-09',99000)
INSERT INTO Movie VALUES('MOV005','DIR005','PUB005','Brokeback Mountain','The story of a forbidden and secretive relationship between two cowboys.','2015-02-01',30000)
INSERT INTO Movie VALUES('MOV006','DIR006','PUB006','Cast Away','A FedEx executive undergoes a physical and emotional transformation after crash landing on a deserted island.','2010-10-10',59000)
INSERT INTO Movie VALUES('MOV007','DIR007','PUB007','Cinderella Man','The story of James J. Braddock, a supposedly washed-up boxer who came back to become a champion and an inspiration in the 1930s.','2015-02-10',50000)
INSERT INTO Movie VALUES('MOV008','DIR008','PUB008','Closer','The relationships of two couples become complicated and deceitful when the man from one couple meets the woman of the other.','2002-02-02',45000)
INSERT INTO Movie VALUES('MOV009','DIR009','PUB009','Cold Mountain','In the waning days of the American Civil War, a wounded soldier embarks on a perilous journey back home to Cold Mountain, North Carolina to reunite with his sweetheart.','2003-03-03',45000)
INSERT INTO Movie VALUES('MOV010','DIR010','PUB010','Crash','TV director discovers an underground.','2001-11-11',100000)
INSERT INTO Movie VALUES('MOV011','DIR011','PUB011','Rumah Sakit','A medical procedure to have each other erased from their memories.','2014-05-19',59000)
INSERT INTO Movie VALUES('MOV012','DIR012','PUB012','Far From Heaven','In 1950s Connecticut, a housewife faces a marital crisis and mounting racial tensions in the outside world.','2007-07-07',85000)
INSERT INTO Movie VALUES('MOV013','DIR013','PUB013','Forrest Gump','Watergate and other historical events unfold through the perspective of an Alabama man with an IQ of 75.','2008-06-21',85000)
INSERT INTO Movie VALUES('MOV014','DIR014','PUB014','Godfather','The aging patriarch of an organized crime dynasty transfers control of his clandestine empire to his reluctant son.','2004-09-28',45000)
INSERT INTO Movie VALUES('MOV015','DIR015','PUB015','Good Night, And Good Luck','Broadcast journalist Edward R. Murrow looks to bring down Senator Joseph McCarthy.','2000-01-18',50000)
INSERT INTO Movie VALUES('MOV016','DIR016','PUB016','Million Dollar Baby','A determined woman works to become a professional.','2014-06-22',50000)
INSERT INTO Movie VALUES('MOV017','DIR017','PUB017','Mystic River','The lives of three men who were childhood friends are shattered when one of them has a family tragedy.','2005-12-19',85000)
INSERT INTO Movie VALUES('MOV018','DIR018','PUB018','North Country','A fictionalized account of the first major successful sexual harassment case in the United States, Jenson vs. Eveleth Mines, where a woman who endured a range of abuse while working as a miner filed and won the landmark 1984 lawsuit.','2013-01-01',100000)
INSERT INTO Movie VALUES('MOV019','DIR019','PUB025','Philadelphia','Five friends with big egos and small brains are the proprietors of an Irish pub in Philadelphia.','2014-06-17',45000)
INSERT INTO Movie VALUES('MOV020','DIR020','PUB024','Road To Perdition','A mob enforcers son witnesses a murder, forcing him and his father to take to the road, and his father down a path of redemption and revenge.','2003-06-02',50000)
INSERT INTO Movie VALUES('MOV021','DIR021','PUB025','Runaway Jury','A juror on the inside and a woman on the outside manipulate a court trial involving a major gun manufacturer.','2002-06-28',45000)
INSERT INTO Movie VALUES('MOV022','DIR022','PUB022','Schindlers List','In German-occupied Poland during World War II, industrialist Oskar Schindler gradually becomes concerned for his Jewish workforce after witnessing their persecution by the Nazis.','2004-04-04',45000)
INSERT INTO Movie VALUES('MOV023','DIR023','PUB023','Shakespeare In Love','The world greatest ever playwright, William Shakespeare, is young, out of ideas and short of cash, but meets his ideal woman and is inspired to write one of his most famous plays.','2005-05-05',59000)
INSERT INTO Movie VALUES('MOV024','DIR024','PUB024','The Chamber','A young man fresh out of law school tries to win a reprieve for his racist grandfather who is on death row.','2006-06-06',59000)
INSERT INTO Movie VALUES('MOV025','DIR025','PUB025','The Client','A young boy who witnessed the suicide of a mafia lawyer hires an attorney to protect him when the District Attorney tries to use him to take down a mob family.','2007-07-07',85000)
INSERT INTO Movie VALUES('MOV026','DIR026','PUB026','The English Patient','At the close of World War II, a young nurse tends to a badly-burned plane crash victim.','2008-08-08',30000)
INSERT INTO Movie VALUES('MOV027','DIR027','PUB027','The Firm','A young lawyer joins a prestigious law firm only to discover that it has a sinister dark side.','2009-09-09',100000)
INSERT INTO Movie VALUES('MOV028','DIR028','PUB028','Father Of The Bride','With his oldest daughter wedding approaching, a father finds himself reluctant to let go.','2010-10-10',50000)
INSERT INTO Movie VALUES('MOV029','DIR029','PUB029','Harold & Kumar Go To White Castle','A Korean-American office worker and his Indian-American stoner friend embark on a quest to satisfy their desire for White Castle burgers.','2011-11-11',59000)
INSERT INTO Movie VALUES('MOV030','DIR030','PUB030','Jaws 2','Police chief Brody must protect the citizens of Amity after a second monstrous shark begins terrorizing the waters.','2012-12-12',59000)

INSERT INTO Movie VALUES('MOV033','DIR001','PUB004','Attack on Natit','People who live inside a huge wall and try to kill GIANT','2015-06-01',90000)
INSERT INTO Movie VALUES('MOV034','DIR002','PUB031','Attack on Natit 2','Lanjutan dari people who live inside a huge wall and try to kill GIANT','2016-06-19',87000)
INSERT INTO Movie VALUES('MOV035','DIR003','PUB031','GIANT','Giant not supermarket but a huge man in an island tryin to survive','2015-06-11',89000)
--insert review
select * from Genre
INSERT INTO Genre VALUES('GEN001','MOV030','Thriller')
INSERT INTO Genre VALUES('GEN004','MOV030','Horror')
INSERT INTO Genre VALUES('GEN002','MOV001','Drama')
INSERT INTO Genre VALUES('GEN003','MOV001','Biography')
INSERT INTO Genre VALUES('GEN005','MOV029','Adventure')
INSERT INTO Genre VALUES('GEN006','MOV029','Comedy')
INSERT INTO Genre VALUES('GEN007','MOV028','Comedy')
INSERT INTO Genre VALUES('GEN008','MOV028','Romance')
INSERT INTO Genre VALUES('GEN009','MOV027','Mystery')
INSERT INTO Genre VALUES('GEN010','MOV027','Thriller')
INSERT INTO Genre VALUES('GEN011','MOV026','Drama')
INSERT INTO Genre VALUES('GEN012','MOV026','Romance')
INSERT INTO Genre VALUES('GEN013','MOV025','Drama')
INSERT INTO Genre VALUES('GEN014','MOV025','Mystery')
INSERT INTO Genre VALUES('GEN015','MOV024','Drama')
INSERT INTO Genre VALUES('GEN016','MOV024','Thriller')
INSERT INTO Genre VALUES('GEN017','MOV023','Comedy')
INSERT INTO Genre VALUES('GEN018','MOV023','Drama')
INSERT INTO Genre VALUES('GEN019','MOV022','Biography')
INSERT INTO Genre VALUES('GEN020','MOV022','History')
INSERT INTO Genre VALUES('GEN021','MOV021','Crime')
INSERT INTO Genre VALUES('GEN022','MOV021','Thriller')
INSERT INTO Genre VALUES('GEN023','MOV020','Crime')
INSERT INTO Genre VALUES('GEN024','MOV020','Thriller')
INSERT INTO Genre VALUES('GEN025','MOV019','Drama')
INSERT INTO Genre VALUES('GEN026','MOV019','Mystery')
INSERT INTO Genre VALUES('GEN027','MOV018','Drama')
INSERT INTO Genre VALUES('GEN028','MOV018','History')
INSERT INTO Genre VALUES('GEN029','MOV017','Crime')
INSERT INTO Genre VALUES('GEN030','MOV017','Drama')
INSERT INTO Genre VALUES('GEN031','MOV016','Drama')
INSERT INTO Genre VALUES('GEN032','MOV016','Sport')
INSERT INTO Genre VALUES('GEN033','MOV015','Biography')
INSERT INTO Genre VALUES('GEN034','MOV015','History')
INSERT INTO Genre VALUES('GEN035','MOV010','Drama')
INSERT INTO Genre VALUES('GEN036','MOV010','Romance')
INSERT INTO Genre VALUES('GEN037','MOV011','Horror')
INSERT INTO Genre VALUES('GEN038','MOV011','Thriller')
INSERT INTO Genre VALUES('GEN039','MOV012','Drama')
INSERT INTO Genre VALUES('GEN040','MOV012','Romance')
INSERT INTO Genre VALUES('GEN041','MOV013','Drama')
INSERT INTO Genre VALUES('GEN042','MOV013','Romance')
INSERT INTO Genre VALUES('GEN043','MOV014','Crime')
INSERT INTO Genre VALUES('GEN044','MOV014','Drama')
INSERT INTO Genre VALUES('GEN045','MOV009','Adventure')
INSERT INTO Genre VALUES('GEN046','MOV009','History')
INSERT INTO Genre VALUES('GEN047','MOV008','Romance')
INSERT INTO Genre VALUES('GEN048','MOV008','Drama')
INSERT INTO Genre VALUES('GEN049','MOV007','Biography')
INSERT INTO Genre VALUES('GEN050','MOV007','History')
INSERT INTO Genre VALUES('GEN051','MOV006','Adventure')
INSERT INTO Genre VALUES('GEN052','MOV006','Romance')
INSERT INTO Genre VALUES('GEN053','MOV005','Drama')
INSERT INTO Genre VALUES('GEN054','MOV005','Romance')
INSERT INTO Genre VALUES('GEN055','MOV004','Comedy')
INSERT INTO Genre VALUES('GEN056','MOV004','Drama')
INSERT INTO Genre VALUES('GEN057','MOV003','Thriller')
INSERT INTO Genre VALUES('GEN058','MOV003','Crime')
INSERT INTO Genre VALUES('GEN059','MOV002','Drama')
INSERT INTO Genre VALUES('GEN060','MOV002','Thriller')
INSERT INTO Genre VALUES('GEN061','MOV031','Comedy')
INSERT INTO Genre VALUES('GEN062','MOV032','Comedy')

--insert salestransaction
select * from Sales_transaction
INSERT INTO Sales_transaction VALUES('SAL001','USR001','MOV001','2000-09-10','A Beautiful Mind','2')
INSERT INTO Sales_transaction VALUES('SAL002','USR002','MOV001','2000-09-19','A Beautiful Mind','1')
INSERT INTO Sales_transaction VALUES('SAL003','USR003','MOV001','2000-09-11','A Beautiful Mind','1')
INSERT INTO Sales_transaction VALUES('SAL004','USR004','MOV001','2000-09-22','A Beautiful Mind','2')
INSERT INTO Sales_transaction VALUES('SAL005','USR005','MOV004','2001-03-11','American Beauty','1')
INSERT INTO Sales_transaction VALUES('SAL006','USR006','MOV004','2001-03-18','American Beauty','2')
INSERT INTO Sales_transaction VALUES('SAL007','USR007','MOV004','2001-03-19','American Beauty','1')
INSERT INTO Sales_transaction VALUES('SAL008','USR008','MOV004','2001-03-27','American Beauty','2')
INSERT INTO Sales_transaction VALUES('SAL009','USR009','MOV009','2003-03-08','Cold Mountain','2')
INSERT INTO Sales_transaction VALUES('SAL010','USR010','MOV009','2003-03-18','Cold Mountain','2')
INSERT INTO Sales_transaction VALUES('SAL011','USR011','MOV009','2012-12-16','Jaws 2','1')
INSERT INTO Sales_transaction VALUES('SAL012','USR012','MOV009','2012-12-21','Jaws 2','2')
INSERT INTO Sales_transaction VALUES('SAL013','USR013','MOV016','2014-06-23','Million Dollar Baby','1')
INSERT INTO Sales_transaction VALUES('SAL014','USR014','MOV016','2014-06-24','Million Dollar Baby','1')
INSERT INTO Sales_transaction VALUES('SAL015','USR015','MOV016','2014-06-25','Million Dollar Baby','2')
INSERT INTO Sales_transaction VALUES('SAL016','USR016','MOV017','2005-12-26','Mystic River','1')
INSERT INTO Sales_transaction VALUES('SAL017','USR017','MOV025','2007-07-09','The Client','2')
INSERT INTO Sales_transaction VALUES('SAL018','USR018','MOV025','2007-07-10','The Client','1')
INSERT INTO Sales_transaction VALUES('SAL019','USR019','MOV014','2004-09-29','Godfather','2')
INSERT INTO Sales_transaction VALUES('SAL020','USR020','MOV014','2004-09-30','Godfather','2')
INSERT INTO Sales_transaction VALUES('SAL021','USR021','MOV010','2001-11-12','Crash','1')
INSERT INTO Sales_transaction VALUES('SAL022','USR022','MOV010','2001-11-13','Crash','2')
INSERT INTO Sales_transaction VALUES('SAL023','USR023','MOV021','2005-03-29','Runaway Jury','1')
INSERT INTO Sales_transaction VALUES('SAL024','USR024','MOV021','2005-03-30','Runaway Jury','1')
INSERT INTO Sales_transaction VALUES('SAL025','USR025','MOV006','2010-10-11','Cast Away','2')
INSERT INTO Sales_transaction VALUES('SAL026','USR028','MOV001','2000-09-16','A Beautiful Mind','3')
INSERT INTO Sales_transaction VALUES('SAL025','USR025','MOV006','2010-10-11','Cast Away','2')
INSERT INTO Sales_transaction VALUES('SAL026','USR028','MOV001','2000-09-16','A Beautiful Mind','3')
INSERT INTO Sales_transaction VALUES('SAL025','USR025','MOV006','2010-10-11','Cast Away','2')
INSERT INTO Sales_transaction VALUES('SAL026','USR028','MOV001','2000-09-16','A Beautiful Mind','3')
INSERT INTO Sales_transaction VALUES('SAL027','USR002','MOV003','2006-03-21','A Time To Kill','12')
INSERT INTO Sales_transaction VALUES('SAL028','USR003','MOV004','2001-02-27','American Beauty','19')

INSERT INTO Sales_transaction VALUES('SAL029','USR005','MOV001','2000-09-16','A Beautiful Mind','18')
INSERT INTO Sales_transaction VALUES('SAL030','USR001','MOV009','2012-12-16','Jaws 2','11')
INSERT INTO Sales_transaction VALUES('SAL031','USR004','MOV003','2006-03-21','A Time To Kill','12')
INSERT INTO Sales_transaction VALUES('SAL032','USR024','MOV014','2004-09-30','Godfather','18')
INSERT INTO Sales_transaction VALUES('SAL033','USR011','MOV010','2001-11-19','Crash','13')
INSERT INTO Sales_transaction VALUES('SAL034','USR022','MOV014','2004-10-19','Godfather','14')
INSERT INTO Sales_transaction VALUES('SAL035','USR001','MOV021','2005-04-19','Runaway Jury','9')
INSERT INTO Sales_transaction VALUES('SAL036','USR001','MOV021','2000-10-19','A Beautiful Mind','19')
INSERT INTO Sales_transaction VALUES('SAL037','USR008','MOV025','2005-04-19','The Client','20')
INSERT INTO Sales_transaction VALUES('SAL038','USR008','MOV010','2005-04-19','Crash','1')
INSERT INTO Sales_transaction VALUES('SAL039','USR011','MOV010','2005-05-19','Crash','21')

--insert review
select * from Review
INSERT INTO Review VALUES('USR002','MOV003','Recommended','Film ini sangat luar biasa bagus, saya sangat menikmati film ini.','2006-03-21')
INSERT INTO Review VALUES('USR003','MOV004','Recommended','Film ini sangat luar biasa bagus, saya sangat menikmati film ini.','2001-02-27')
INSERT INTO Review VALUES('USR001','MOV001','Recommended','Film ini sangat luar biasa bagus, saya sangat menikmati film ini.','2000-09-10')
INSERT INTO Review VALUES('USR002','MOV001','Recommended','Film ini sangat luar biasa bagus, saya sangat menikmati film ini.','2000-09-11')
INSERT INTO Review VALUES('USR003','MOV001','Recommended','Film ini sangat luar biasa bagus, saya sangat menikmati film ini.','2000-09-19')
INSERT INTO Review VALUES('USR004','MOV001','Recommended','Film ini sangat luar biasa bagus, saya sangat menikmati film ini.','2000-09-22')
INSERT INTO Review VALUES('USR005','MOV004','Not Recommended','Film ini kurang bisa di nikmati maka saya tidak merekomendasikan film ini.','2001-03-11')
INSERT INTO Review VALUES('USR006','MOV004','Not Recommended','Film ini kurang bisa di nikmati maka saya tidak merekomendasikan film ini.','2001-03-18')
INSERT INTO Review VALUES('USR007','MOV004','Not Recommended','Film ini kurang bisa di nikmati maka saya tidak merekomendasikan film ini.','2001-03-19')
INSERT INTO Review VALUES('USR008','MOV004','Not Recommended','Film ini kurang bisa di nikmati maka saya tidak merekomendasikan film ini.','2001-03-27')
INSERT INTO Review VALUES('USR009','MOV009','Recommended','Film ini sangat luar biasa bagus, saya sangat menikmati film ini.','2003-03-08')
INSERT INTO Review VALUES('USR010','MOV009','Recommended','Film ini sangat luar biasa bagus, saya sangat menikmati film ini.','2003-03-18')
INSERT INTO Review VALUES('USR011','MOV030','Recommended','Film ini sangat luar biasa bagus, saya sangat menikmati film ini.','2012-12-16')
INSERT INTO Review VALUES('USR012','MOV030','Recommended','Film ini sangat luar biasa bagus, saya sangat menikmati film ini.','2012-12-21')
INSERT INTO Review VALUES('USR013','MOV016','Not Recommended','Film ini kurang bisa di nikmati maka saya tidak merekomendasikan film ini.','2014-06-23')
INSERT INTO Review VALUES('USR014','MOV016','Not Recommended','Film ini kurang bisa di nikmati maka saya tidak merekomendasikan film ini.','2014-06-24')
INSERT INTO Review VALUES('USR015','MOV016','Not Recommended','Film ini kurang bisa di nikmati maka saya tidak merekomendasikan film ini.','2014-06-25')
INSERT INTO Review VALUES('USR016','MOV017','Recommended','Film ini sangat luar biasa bagus, saya sangat menikmati film ini.','2005-12-26')
INSERT INTO Review VALUES('USR017','MOV025','Not Recommended','Film ini kurang bisa di nikmati maka saya tidak merekomendasikan film ini.','2007-07-09')
INSERT INTO Review VALUES('USR018','MOV025','Not Recommended','Film ini kurang bisa di nikmati maka saya tidak merekomendasikan film ini.','2007-07-10')
INSERT INTO Review VALUES('USR019','MOV014','Recommended','Film ini sangat luar biasa bagus, saya sangat menikmati film ini.','2004-09-29')
INSERT INTO Review VALUES('USR020','MOV014','Recommended','Film ini sangat luar biasa bagus, saya sangat menikmati film ini.','2004-09-30')
INSERT INTO Review VALUES('USR021','MOV010','Recommended','Film ini sangat luar biasa bagus, saya sangat menikmati film ini.','2001-11-12')
INSERT INTO Review VALUES('USR022','MOV010','Recommended','Film ini sangat luar biasa bagus, saya sangat menikmati film ini.','2001-11-13')
INSERT INTO Review VALUES('USR023','MOV021','Not Recommended','Film ini kurang bisa di nikmati maka saya tidak merekomendasikan film ini.','2005-03-29')
INSERT INTO Review VALUES('USR024','MOV021','Not Recommended','Film ini kurang bisa di nikmati maka saya tidak merekomendasikan film ini.','2005-03-30')
INSERT INTO Review VALUES('USR025','MOV006','Not Recommended','Film ini kurang bisa di nikmati maka saya tidak merekomendasikan film ini.','2010-10-11')
INSERT INTO Review VALUES('USR028','MOV001','Not Recommended','Film ini kurang bisa di nikmati maka saya tidak merekomendasikan film ini.','2000-09-16')
